ID,Adresse,Ville,TypeB,Surface,Prix,Nombre de Chambres,Date Vente
V1,Avenue de la Liberté 45,Marseille,Villa,417,2262642,5,2020-08-27
V2,Chemin des Vignes 95,Bordeaux,Maison,117,830934,1,2020-02-08
V3,Chemin des Vignes 60,Lyon,Maison,128,660096,4,2021-03-04
V4,Chemin des Vignes 42,Bordeaux,Appartement,70,263690,1,2023-07-25
V5,Boulevard Victor Hugo 90,Nice,Appartement,37,183964,1,2022-06-09
V6,Avenue de la Liberté 30,Nantes,Appartement,56,380240,1,2021-11-17
V7,Boulevard Victor Hugo 38,Montpellier,Appartement,106,493112,3,2020-10-01
V7,Boulevard Victor Hugo 38,Montpellier,Villa,106,493112,4,2020-10-01
V8,Chemin des Vignes 63,Bordeaux,Studio,15,50025,1,2022-06-24
V9,Avenue de la Liberté 34,Nice,Villa,196,1144248,5,2020-07-18
V10,Chemin des Vignes 67,Bordeaux,Maison,338,2919644,5,2022-03-11
,"37 Rue ISUHZKZKDL, Tours",Tours,Villa,183,917340,5,2024-12-17
,"96 Place WQ, Montpellier",Montpellier,Villa,427,2449174,1,2022-08-31
,"171 Avenue VQPBSUZQ, Brest",Brest,Appartement,496,2199833,2,2020-03-30
,"72 Place JISGC, Cergy",Cergy,Appartement,47,132436,3,2024-10-29
,"161 Boulevard VYHVJ, Nanterre",Nanterre,Maison,198,1075583,4,2020-01-08
,"92 Boulevard NKLSDXDK, Béziers",Béziers,Villa,239,810310,1,2023-06-08
,"141 Boulevard XZRYFHHFW, Nice",Nice,Appartement,343,1702498,2,2023-10-17
,"60 Avenue QOMOPZURWM, Calais",Calais,Villa,486,746564,2,2021-06-16
,"16 Avenue VDOAM, Courbevoie",Courbevoie,Appartement,49,195767,2,2022-05-20
,"191 Boulevard RDPGZEFPNF, Asnières-sur-Seine",Asnières-sur-Seine,Maison,113,413924,4,2020-01-09
,"63 Boulevard CEFMS, Bordeaux",Bordeaux,Appartement,303,1467993,3,2023-09-28
,"76 Rue BXNDY, Dijon",Dijon,Villa,71,226429,2,2024-09-09
,"103 Avenue SEPIDA, Boulogne-Billancourt",Boulogne-Billancourt,Appartement,211,1023050,2,2024-07-29
,"75 Place MTZXKSJDZ, Versailles",Versailles,Villa,402,1662341,3,2023-06-16
,"105 Rue RGQNG, Cannes",Cannes,Villa,327,1420011,2,2023-04-25
,"192 Place IDS, Issy-les-Moulineaux",Issy-les-Moulineaux,Appartement,414,1941415,5,2021-09-24
,"194 Chemin JB, Évry",Évry,Appartement,368,1292608,5,2023-06-18
,"19 Place IXOPHKUB, Hyères",Hyères,Villa,23,101459,2,2022-07-01
,"66 Rue BZOBBYD, Chambéry",Chambéry,Maison,238,775948,4,2020-04-18
,"43 Chemin IQNNJ, Nancy",Nancy,Villa,214,305853,4,2020-12-23
,"128 Place NIL, Argenteuil",Argenteuil,Villa,134,419510,2,2021-12-14
,"161 Boulevard KFQFWLW, Ajaccio",Ajaccio,Appartement,325,1159687,5,2021-07-24
,"53 Avenue GKNCJJVIP, Villeneuve-d'Ascq",Villeneuve-d'Ascq,Villa,44,173027,2,2023-02-28
,"133 Boulevard SP, Toulouse",Toulouse,Villa,267,844474,3,2023-10-19
,"25 Avenue CJJN, Bondy",Bondy,Villa,329,1298239,4,2020-02-24
,"96 Boulevard ABTTV, Argenteuil",Argenteuil,Villa,27,91776,2,2024-07-08
,"5 Rue NLWXLGE, Perpignan",Perpignan,Maison,148,596360,3,2021-06-25
,"1 Rue ZNIXBALJA, Mérignac",Mérignac,Appartement,145,726484,2,2021-11-01
,"162 Chemin DJSLDDUX, Poitiers",Poitiers,Maison,127,293822,3,2023-07-12
,"132 Boulevard JV, Vannes",Vannes,Villa,449,925829,3,2023-07-18
,"52 Avenue FFAB, Montpellier",Montpellier,Villa,488,1205327,2,2024-12-04
,"99 Chemin SHU, Marseille",Marseille,Appartement,287,885569,3,2024-08-16
,"66 Chemin IVVTBGEQQX, Pantin",Pantin,Villa,101,376662,4,2021-11-30
,"119 Avenue NX, Clichy",Clichy,Appartement,109,234633,4,2021-07-04
,"141 Rue HBVSEAX, Charleville-Mézières",Charleville-Mézières,Maison,88,211267,4,2024-08-28
,"123 Rue ZBEKUW, Antibes",Antibes,Maison,338,1065547,4,2024-06-08
,"149 Avenue VDFVMBF, Champigny-sur-Marne",Champigny-sur-Marne,Appartement,191,964912,1,2020-10-08
,"17 Chemin OBJFL, Besançon",Besançon,Maison,372,1866223,2,2024-03-26
,"123 Place LAFF, Saint-Quentin",Saint-Quentin,Villa,169,796094,3,2024-01-29
,"27 Chemin NXWYLKZ, Courbevoie",Courbevoie,Maison,392,1186701,2,2020-06-19
,"68 Place AIXIFTT, Courbevoie",Courbevoie,Villa,224,698735,3,2022-05-29
,"116 Place WSZVO, Levallois-Perret",Levallois-Perret,Villa,182,989764,4,2022-11-22
,"182 Boulevard AAJOLKKQHC, Aubervilliers",Aubervilliers,Maison,463,2142417,1,2020-10-22
,"176 Avenue QGULT, Pau",Pau,Villa,408,2159910,2,2020-12-15
,"79 Chemin RVSUFYPHU, Saint-Maur-des-Fossés",Saint-Maur-des-Fossés,Villa,192,324877,5,2020-02-27
,"25 Avenue QRT, Boulogne-Billancourt",Boulogne-Billancourt,Villa,318,899782,5,2020-10-12
,"169 Boulevard OG, Montpellier",Montpellier,Appartement,120,517169,3,2024-09-04
,"12 Rue DZ, Évry",Évry,Maison,324,1377684,5,2024-06-07
,"148 Rue QX, Drancy",Drancy,Appartement,105,407579,1,2022-12-20
,"200 Boulevard AYGEDBC, Cannes",Cannes,Villa,398,1919463,1,2021-05-02
,"44 Place IFVXJGJ, Angers",Angers,Appartement,256,1107643,3,2024-09-06
,"36 Chemin UYPL, Orléans",Orléans,Villa,446,2688661,5,2021-11-01
,"58 Chemin QLWSWQB, Issy-les-Moulineaux",Issy-les-Moulineaux,Villa,431,2211939,4,2020-01-05
,"143 Avenue ZBVIASQT, Créteil",Créteil,Villa,116,526047,2,2022-06-26
,"16 Boulevard QNUQE, Saint-Étienne",Saint-Étienne,Villa,49,74562,2,2022-09-14
,"16 Rue FJXXF, Versailles",Versailles,Maison,442,1762770,3,2022-07-13
,"133 Place EZDLB, Rueil-Malmaison",Rueil-Malmaison,Appartement,168,764781,2,2023-08-30
,"27 Rue LLUJBCLHWV, Mulhouse",Mulhouse,Maison,466,2310096,3,2024-05-11
,"57 Chemin MHFY, Ivry-sur-Seine",Ivry-sur-Seine,Appartement,430,1949687,1,2023-08-12
,"52 Avenue CYH, Poitiers",Poitiers,Maison,398,1282930,4,2020-02-16
,"163 Rue DHQJVZSAUF, Quimper",Quimper,Villa,260,1069697,3,2023-05-10
,"148 Chemin DOTMGF, Ajaccio",Ajaccio,Appartement,448,2152302,1,2022-04-06
,"135 Rue CLLKGXAE, Neuilly-sur-Seine",Neuilly-sur-Seine,Villa,491,2017074,4,2022-11-14
,"59 Chemin WEEZFLON, Metz",Metz,Appartement,431,1593037,4,2022-08-28
,"93 Chemin QILALNS, Metz",Metz,Appartement,182,854869,3,2024-08-14
,"20 Chemin ZWSWU, Champigny-sur-Marne",Champigny-sur-Marne,Appartement,383,1202212,3,2021-06-05
,"107 Place XRYSCNFZQK, Tours",Tours,Appartement,396,1658284,3,2021-03-18
,"22 Avenue YD, Dunkerque",Dunkerque,Maison,473,2559725,5,2021-08-03
,"181 Chemin QBZSSSRHU, Vitry-sur-Seine",Vitry-sur-Seine,Appartement,273,917951,3,2024-04-28
,"147 Avenue UOSRBFDFJB, Le Mans",Le Mans,Maison,109,480922,2,2021-11-12
,"1 Boulevard QQAXMBSD, Roubaix",Roubaix,Villa,491,1797925,4,2021-06-17
,"184 Avenue WRKUIVYJU, Toulouse",Toulouse,Villa,252,1207025,3,2021-10-18
,"107 Chemin LFIANHT, Poitiers",Poitiers,Appartement,314,990011,3,2023-11-20
,"174 Chemin GU, Bourges",Bourges,Appartement,274,1505697,2,2020-10-26
,"47 Chemin TTBG, Niort",Niort,Maison,68,267776,4,2020-10-15
,"111 Chemin TIH, La Rochelle",La Rochelle,Maison,233,766666,1,2022-12-12
,"198 Rue DMZVYG, Mérignac",Mérignac,Villa,129,501503,1,2020-03-04
,"188 Place BAU, Niort",Niort,Appartement,329,819332,1,2022-06-13
,"25 Avenue HXYXILOCB, Drancy",Drancy,Villa,364,1599619,2,2023-12-04
,"84 Place DKIUTNKPY, Metz",Metz,Appartement,442,1948775,4,2023-10-13
,"124 Rue TAV, Aulnay-sous-Bois",Aulnay-sous-Bois,Appartement,194,621518,3,2024-01-12
,"153 Rue WZKU, Toulouse",Toulouse,Appartement,131,555996,5,2023-07-16
,"130 Avenue GCYQNIV, Aix-en-Provence",Aix-en-Provence,Villa,127,660559,5,2023-03-20
,"127 Boulevard THJ, Créteil",Créteil,Villa,228,543770,1,2024-03-04
,"141 Avenue XBJBHU, Lorient",Lorient,Appartement,271,1193804,2,2022-08-31
,"43 Chemin KHE, Marseille",Marseille,Maison,86,424656,5,2022-03-08
,"121 Chemin JGEJKHVFT, Montreuil",Montreuil,Villa,434,953502,1,2022-08-20
,"92 Rue RAPNYSDR, Limoges",Limoges,Maison,135,602507,4,2021-05-29
,"136 Rue PIFPWAWDXT, Nancy",Nancy,Maison,278,761625,4,2024-09-02
,"52 Place LQSKEUOT, Montauban",Montauban,Appartement,87,247081,4,2022-12-19
,"120 Rue DAYAFBWMW, Bordeaux",Bordeaux,Villa,165,261151,3,2022-11-12
,"135 Boulevard QXOQI, Lyon",Lyon,Appartement,108,477645,5,2020-06-11
,"38 Boulevard OQVBPGXK, Limoges",Limoges,Villa,280,483730,3,2022-06-16
,"70 Avenue BDWVSY, Nîmes",Nîmes,Villa,146,369819,3,2021-09-08
,"54 Boulevard ZHEQPBO, Asnières-sur-Seine",Asnières-sur-Seine,Maison,196,467127,2,2023-08-08
,"55 Place YVOKY, Saint-Denis",Saint-Denis,Maison,241,945000,3,2023-01-01
,"92 Place CN, Issy-les-Moulineaux",Issy-les-Moulineaux,Villa,374,1910318,5,2024-01-31
,"161 Boulevard NFBXBG, Villeneuve-d'Ascq",Villeneuve-d'Ascq,Villa,479,2843458,1,2020-02-21
,"89 Place LNBDBA, Vitry-sur-Seine",Vitry-sur-Seine,Maison,201,875531,5,2024-01-20
,"53 Boulevard AQIUJTOKU, Versailles",Versailles,Maison,400,1678547,2,2021-04-27
,"19 Avenue RGKCFUNG, Charleville-Mézières",Charleville-Mézières,Maison,82,452779,2,2023-04-25
,"172 Rue OZW, Nîmes",Nîmes,Villa,266,745351,5,2024-07-03
,"37 Place CBQYE, Toulouse",Toulouse,Appartement,76,308663,4,2022-02-10
,"47 Rue HVOBVHA, Pantin",Pantin,Appartement,431,2184586,4,2021-09-27
,"21 Chemin MWCEUQ, Tourcoing",Tourcoing,Appartement,424,2181183,5,2020-06-05
,"13 Chemin EZYCHCOVUB, Argenteuil",Argenteuil,Maison,342,1361157,4,2021-09-01
,"157 Boulevard SPLHQD, Tourcoing",Tourcoing,Appartement,396,1612967,1,2021-04-20
,"174 Place KAEPFANT, Brest",Brest,Maison,147,758272,4,2020-04-14
,"168 Chemin IAEFDG, Colombes",Colombes,Maison,433,2445643,4,2024-06-25
,"8 Avenue PPIEBRRLIO, Versailles",Versailles,Villa,228,992329,1,2021-11-06
,"169 Avenue QVYPZG, Courbevoie",Courbevoie,Maison,281,1712830,1,2024-01-17
,"84 Avenue APMUJZ, Montpellier",Montpellier,Maison,340,1579543,3,2021-09-28
,"5 Boulevard GVVT, Mulhouse",Mulhouse,Appartement,105,486169,2,2020-09-21
,"147 Avenue GIWT, Hyères",Hyères,Maison,404,1942853,3,2020-02-05
,"191 Boulevard AZDR, Lille",Lille,Appartement,243,946176,1,2023-03-29
,"187 Rue CYFHRMN, La Roche-sur-Yon",La Roche-sur-Yon,Villa,158,523713,5,2023-01-30
,"144 Chemin CRN, Issy-les-Moulineaux",Issy-les-Moulineaux,Villa,363,1532364,4,2020-08-08
,"60 Rue TJBX, Saint-Étienne",Saint-Étienne,Maison,323,1333644,2,2023-12-15
,"16 Place FYUJOKMLJN, Montreuil",Montreuil,Villa,136,508509,5,2021-06-22
,"163 Avenue GHMUQWRAUN, Reims",Reims,Appartement,96,524804,1,2021-01-09
,"96 Chemin WD, Argenteuil",Argenteuil,Appartement,317,1576022,4,2022-03-29
,"179 Rue KNQACXQCYZ, Bondy",Bondy,Villa,210,1180204,4,2020-05-02
,"193 Avenue NKLFIPLY, Metz",Metz,Maison,375,1417977,5,2022-05-30
,"157 Boulevard UYZ, Aubervilliers",Aubervilliers,Villa,63,306735,3,2021-08-31
,"42 Chemin MTIVC, Évry",Évry,Maison,177,649469,4,2020-08-22
,"188 Avenue WNH, Charleville-Mézières",Charleville-Mézières,Villa,376,1202790,3,2020-02-07
,"158 Rue NMSGXCAAZW, Neuilly-sur-Seine",Neuilly-sur-Seine,Appartement,43,147592,4,2020-08-05
,"175 Avenue DA, Noisy-le-Grand",Noisy-le-Grand,Maison,137,390482,5,2024-02-28
,"34 Boulevard PHLZUZAOHQ, Rennes",Rennes,Villa,277,1336190,2,2023-10-07
,"127 Chemin AQSXIAWUMQ, Évry",Évry,Maison,345,911696,1,2022-01-29
,"136 Avenue LE, Cergy",Cergy,Maison,57,211249,2,2021-07-24
,"5 Rue CJYAX, Tourcoing",Tourcoing,Appartement,433,2055090,3,2021-02-23
,"99 Rue OVMA, Nanterre",Nanterre,Appartement,68,352106,4,2024-05-03
,"154 Rue SWHHPI, Maisons-Alfort",Maisons-Alfort,Appartement,392,1407368,4,2020-08-27
,"102 Chemin FPFZGOELBV, Ajaccio",Ajaccio,Appartement,263,1054708,2,2023-10-26
,"191 Boulevard WSWK, Boulogne-Billancourt",Boulogne-Billancourt,Villa,34,176509,5,2024-10-14
,"69 Place HJWUQU, Roubaix",Roubaix,Villa,120,497759,2,2021-01-20
,"87 Place ULIQK, Vénissieux",Vénissieux,Villa,403,1952578,4,2020-04-04
,"45 Avenue EFPONRYPX, Issy-les-Moulineaux",Issy-les-Moulineaux,Appartement,200,774996,3,2021-01-02
,"5 Rue BFXPF, Grenoble",Grenoble,Appartement,420,1740510,2,2021-10-12
,"144 Boulevard ERAOX, Lyon",Lyon,Maison,130,622812,3,2023-10-26
,"176 Avenue MAHHZOVCCO, Versailles",Versailles,Maison,476,961962,4,2022-06-14
,"113 Chemin ZHCMTYAR, Troyes",Troyes,Villa,352,1413163,1,2023-05-04
,"49 Rue OUT, Aubervilliers",Aubervilliers,Appartement,271,1008908,1,2020-12-18
,"145 Chemin SCLIASLGXJ, Saint-Étienne",Saint-Étienne,Appartement,139,736271,2,2021-03-26
,"139 Rue KOMWGQYRLZ, Lyon",Lyon,Maison,304,1266863,4,2024-02-25
,"199 Place TNMKRXHFUQ, Charleville-Mézières",Charleville-Mézières,Maison,286,1207399,4,2024-02-22
,"137 Chemin GQZTVSM, Pau",Pau,Appartement,183,750177,2,2022-09-15
,"173 Rue BQ, Avignon",Avignon,Maison,109,447809,2,2021-04-13
,"91 Boulevard ZULPXULDQ, Antony",Antony,Appartement,396,1548103,4,2020-03-19
,"127 Chemin VYQUFTIJNP, Ivry-sur-Seine",Ivry-sur-Seine,Villa,314,1276647,3,2024-12-14
,"113 Place VPGLKMDYVN, Le Havre",Le Havre,Appartement,87,382114,1,2020-02-04
,"87 Rue IV, Cholet",Cholet,Maison,434,1882236,3,2023-05-20
,"199 Boulevard JILAM, Niort",Niort,Appartement,21,86722,2,2020-03-09
,"103 Place ZYVBFTCR, Colmar",Colmar,Villa,414,1628047,5,2024-06-12
,"145 Avenue XYKRKQR, Saint-Nazaire",Saint-Nazaire,Villa,439,1811955,5,2021-04-10
,"166 Chemin ARBOIAZRKA, Sarcelles",Sarcelles,Maison,125,521783,1,2023-02-21
,"46 Avenue RYAQZG, Caen",Caen,Villa,174,675772,3,2024-09-01
,"52 Boulevard RUAGAR, Mulhouse",Mulhouse,Maison,308,714556,5,2021-03-11
,"123 Avenue SKCH, Chambéry",Chambéry,Appartement,64,225211,5,2023-11-15
,"55 Avenue QPMIKE, Lille",Lille,Appartement,56,128568,5,2020-11-18
,"27 Avenue VP, Colmar",Colmar,Villa,126,470167,4,2020-08-07
,"110 Rue MPEK, Vitry-sur-Seine",Vitry-sur-Seine,Appartement,103,404627,4,2020-12-13
,"7 Chemin IXIWT, Caen",Caen,Maison,74,217683,5,2020-02-21
,"52 Avenue EDC, Vannes",Vannes,Maison,23,134800,4,2021-04-18
,"159 Avenue KRSREBCV, Calais",Calais,Appartement,457,1120742,1,2021-02-07
,"182 Boulevard VLNTZKPK, Lorient",Lorient,Maison,466,2083557,1,2022-05-18
,"118 Chemin EMCAPXTRAP, Toulouse",Toulouse,Maison,436,2000888,3,2022-03-23
,"44 Place TR, Béziers",Béziers,Villa,263,992849,1,2020-06-09
,"191 Boulevard ULQPZJUTMN, Tours",Tours,Maison,354,1311659,3,2024-07-29
,"34 Place YQAMLYTANZ, Colmar",Colmar,Appartement,131,346074,1,2020-05-11
,"91 Chemin PLRCLLYI, Rueil-Malmaison",Rueil-Malmaison,Maison,120,446167,3,2021-10-08
,"181 Chemin QA, Le Mans",Le Mans,Appartement,279,1065557,2,2021-07-22
,"60 Place NPSYSHQEX, Charleville-Mézières",Charleville-Mézières,Maison,361,2382769,4,2024-12-29
,"119 Boulevard LLULSHQ, Brest",Brest,Villa,400,1870803,2,2022-01-31
,"175 Chemin JCQWL, Ajaccio",Ajaccio,Villa,449,2045561,4,2020-06-22
,"148 Boulevard YK, Colombes",Colombes,Villa,277,747789,5,2022-11-09
,"44 Chemin VS, Nantes",Nantes,Villa,494,1872190,3,2022-03-10
,"124 Rue YUWWLP, Montauban",Montauban,Maison,313,1612157,1,2021-08-12
,"157 Chemin KWPBZNNN, Saint-Étienne",Saint-Étienne,Appartement,480,1401885,2,2024-07-04
,"186 Rue QLE, Paris",Paris,Maison,385,1616732,4,2023-12-09
,"91 Place XACU, Saint-Maur-des-Fossés",Saint-Maur-des-Fossés,Appartement,214,1110786,3,2021-01-06
,"50 Place KXLOVHUW, Villeurbanne",Villeurbanne,Villa,369,1757079,1,2022-05-19
,"68 Chemin NLYIT, Beauvais",Beauvais,Villa,442,1583280,1,2024-02-08
,"165 Avenue CAQHCXUV, La Rochelle",La Rochelle,Villa,394,1508225,4,2023-03-29
,"15 Chemin PM, Tourcoing",Tourcoing,Villa,22,113168,1,2024-11-01
,"169 Avenue QYVFTQGMQT, Pau",Pau,Appartement,286,1827829,1,2022-10-10
,"15 Place WAL, Marseille",Marseille,Maison,381,1405646,2,2022-08-31
,"111 Boulevard PFWZYPRYD, Vénissieux",Vénissieux,Appartement,88,419684,2,2022-10-01
,"95 Avenue HMZKNBJDTZ, Nice",Nice,Maison,478,2325604,2,2024-11-26
,"87 Chemin WKIZ, Brest",Brest,Villa,296,1203528,3,2024-01-10
,"101 Boulevard XBWOFSA, Metz",Metz,Villa,432,1466129,2,2024-10-18
,"118 Boulevard LDGABRPM, Clichy",Clichy,Appartement,438,1966673,5,2020-11-07
,"101 Avenue VIWFLBA, Marseille",Marseille,Maison,361,1646327,3,2022-06-07
,"164 Boulevard AJT, Metz",Metz,Appartement,370,1141562,1,2020-02-01
,"133 Avenue EBZIQ, Cergy",Cergy,Appartement,257,1093729,2,2023-04-10
,"199 Rue ICGW, Mérignac",Mérignac,Appartement,249,994027,2,2023-06-11
,"18 Avenue WH, Asnières-sur-Seine",Asnières-sur-Seine,Maison,342,1085485,3,2022-03-22
,"39 Chemin BGCONMB, Aulnay-sous-Bois",Aulnay-sous-Bois,Villa,153,400537,5,2024-07-13
,"59 Rue EGDI, Perpignan",Perpignan,Villa,86,217151,1,2023-05-01
,"63 Place BBP, La Seyne-sur-Mer",La Seyne-sur-Mer,Villa,492,1604442,4,2020-07-10
,"173 Avenue BQCQUUH, Le Mans",Le Mans,Maison,194,552933,3,2024-11-21
,"109 Avenue DZZWSXZHBE, Nanterre",Nanterre,Villa,26,94699,3,2021-07-22
,"195 Chemin JZAZJA, Orléans",Orléans,Maison,179,854206,2,2022-02-15
,"33 Place NLVQNBBZVA, Bordeaux",Bordeaux,Appartement,487,1868895,2,2024-10-31
,"95 Boulevard XK, Montauban",Montauban,Villa,356,1407380,3,2022-10-23
,"132 Chemin YESFGZMKWT, Sarcelles",Sarcelles,Appartement,301,1282469,2,2020-02-20
,"7 Chemin VGOJWCYGF, Lorient",Lorient,Appartement,169,721792,1,2024-01-30
,"73 Boulevard XWM, Champigny-sur-Marne",Champigny-sur-Marne,Maison,303,1615378,4,2021-12-06
,"88 Place FGF, Mérignac",Mérignac,Maison,450,1703707,1,2020-07-10
,"31 Place GKOCZV, Hyères",Hyères,Maison,150,805564,1,2020-11-25
,"124 Rue GWBIHALCR, Clichy",Clichy,Appartement,324,997752,2,2021-05-05
,"54 Place FKYVCK, Calais",Calais,Maison,399,1056113,3,2023-05-27
,"192 Place JOD, Nantes",Nantes,Appartement,397,1376371,3,2023-07-24
,"4 Avenue IZLJLDGYL, Asnières-sur-Seine",Asnières-sur-Seine,Villa,34,149654,5,2021-08-29
,"29 Boulevard CWQCCWJF, Montauban",Montauban,Maison,395,1700305,5,2023-07-27
,"72 Avenue JZKWCA, Valence",Valence,Appartement,482,2018561,1,2021-09-01
,"51 Avenue TQVEMHJUYJ, Versailles",Versailles,Maison,165,693928,3,2020-07-15
,"101 Place NTEF, Pantin",Pantin,Appartement,332,769939,2,2023-04-21
,"124 Avenue CCYORONDR, Lyon",Lyon,Maison,32,166790,3,2024-12-05
,"24 Chemin ZXNNSZ, Besançon",Besançon,Maison,115,130537,5,2023-10-09
,"88 Rue RMZEZRLYE, Courbevoie",Courbevoie,Villa,39,167561,1,2024-07-31
,"172 Chemin IQTSBKH, Argenteuil",Argenteuil,Maison,431,1720219,1,2020-10-15
,"110 Place YNBFA, Pessac",Pessac,Appartement,26,109185,1,2022-05-11
,"44 Avenue TZZTGEAOQ, Calais",Calais,Appartement,101,521132,5,2022-06-02
,"176 Place SHMVTK, Aulnay-sous-Bois",Aulnay-sous-Bois,Appartement,77,339327,3,2023-03-19
,"3 Avenue UYKLDZDK, Grenoble",Grenoble,Maison,328,1441922,1,2020-10-15
,"101 Boulevard AWB, Saint-Maur-des-Fossés",Saint-Maur-des-Fossés,Villa,375,1681069,4,2022-07-10
,"95 Place QD, Beauvais",Beauvais,Villa,23,101522,2,2024-07-11
,"148 Boulevard JMITJTMZE, Tours",Tours,Villa,454,979556,5,2021-04-15
,"120 Avenue UOCI, Perpignan",Perpignan,Appartement,50,151112,4,2020-06-18
,"53 Place MQE, Montpellier",Montpellier,Maison,401,1188225,2,2024-08-29
,"79 Avenue QBFLKDQVL, Créteil",Créteil,Villa,83,427090,4,2021-05-31
,"9 Place QOZE, Avignon",Avignon,Appartement,204,856438,5,2022-09-30
,"88 Chemin II, Argenteuil",Argenteuil,Villa,358,1438681,3,2023-04-23
,"186 Place NTDEARNSV, Drancy",Drancy,Villa,105,529164,3,2024-01-14
,"70 Chemin BDLTUVVGQ, Ajaccio",Ajaccio,Maison,61,236476,1,2020-05-09
,"76 Place IPFCEOXIS, Poitiers",Poitiers,Maison,478,2464983,2,2024-10-11
,"171 Chemin IGCNYTYCTG, Pau",Pau,Villa,218,996050,2,2021-12-24
,"21 Chemin AA, Asnières-sur-Seine",Asnières-sur-Seine,Villa,105,263978,2,2022-02-23
,"165 Boulevard KGSSVXDRZO, Nîmes",Nîmes,Maison,372,2054216,5,2022-07-15
,"121 Rue TOVQQWSV, Champigny-sur-Marne",Champigny-sur-Marne,Villa,466,2202783,4,2021-08-04
,"198 Avenue BPYEJEZA, La Seyne-sur-Mer",La Seyne-sur-Mer,Appartement,76,442928,2,2020-02-23
,"160 Rue SQIS, Saint-Denis",Saint-Denis,Maison,178,634318,4,2024-08-30
,"134 Avenue MRLILGDVHT, Limoges",Limoges,Villa,69,195965,3,2024-10-22
,"155 Place BAZTFIZXOG, Grenoble",Grenoble,Maison,456,1853521,5,2021-08-18
,"104 Rue YFCN, Rennes",Rennes,Maison,419,1635300,2,2021-09-03
,"84 Boulevard QKDQKIO, Champigny-sur-Marne",Champigny-sur-Marne,Maison,297,1677970,4,2021-04-02
,"125 Place DG, Vitry-sur-Seine",Vitry-sur-Seine,Appartement,386,1703546,2,2022-03-30
,"38 Place GKSKM, Colmar",Colmar,Appartement,47,226725,3,2020-04-18
,"194 Rue AANBOXJ, Montauban",Montauban,Appartement,424,1958824,3,2022-12-03
,"94 Place JO, Nantes",Nantes,Maison,342,1251774,3,2024-04-01
,"17 Chemin QAQCGMTEO, Clichy",Clichy,Villa,289,1571616,2,2021-05-09
,"53 Rue VAH, Brest",Brest,Maison,125,592057,1,2024-09-29
,"193 Boulevard VZHBHZMW, Villeneuve-d'Ascq",Villeneuve-d'Ascq,Maison,352,1245773,2,2023-02-23
,"5 Rue ZHEL, Amiens",Amiens,Maison,267,999293,1,2020-12-31
,"16 Boulevard DM, La Rochelle",La Rochelle,Villa,469,2379018,5,2024-04-22
,"15 Boulevard AFAASXNQU, Villeneuve-d'Ascq",Villeneuve-d'Ascq,Appartement,413,1373503,4,2023-06-18
,"187 Rue WC, Aix-en-Provence",Aix-en-Provence,Villa,399,1688352,3,2024-02-23
,"59 Place TGYN, Clichy",Clichy,Villa,170,697032,1,2021-04-16
,"52 Chemin YGRXJGF, Colombes",Colombes,Maison,334,1840022,3,2023-07-23
,"44 Boulevard TC, Beauvais",Beauvais,Villa,139,473874,1,2021-01-13
,"128 Place GZ, Dijon",Dijon,Appartement,280,1123745,5,2023-06-06
,"70 Place PXHM, Cannes",Cannes,Maison,44,244810,3,2020-11-30
,"37 Chemin HNYEW, Saint-Nazaire",Saint-Nazaire,Appartement,485,1797999,5,2022-05-07
,"151 Boulevard FVVKRGSUUK, La Rochelle",La Rochelle,Appartement,20,84339,2,2021-09-13
,"103 Boulevard XNZH, Saint-Denis",Saint-Denis,Villa,409,1941156,5,2021-04-24
,"195 Avenue SIKQ, Saint-Quentin",Saint-Quentin,Maison,138,305959,5,2022-01-22
,"193 Boulevard DSUDA, Reims",Reims,Villa,376,2008546,1,2022-10-15
,"151 Boulevard LAQGZWE, Valence",Valence,Maison,359,1098218,3,2020-07-07
,"185 Boulevard GFGASIDN, Lorient",Lorient,Villa,381,1399804,2,2023-04-21
,"98 Avenue HODJPGTRFH, Besançon",Besançon,Maison,215,896986,4,2023-02-23
,"23 Place NKSFPJBQ, Toulouse",Toulouse,Villa,149,542704,2,2024-06-30
,"24 Place JZO, Charleville-Mézières",Charleville-Mézières,Villa,425,2054639,5,2024-02-18
,"34 Rue VYHUPO, Saint-Nazaire",Saint-Nazaire,Appartement,270,641710,2,2020-08-19
,"191 Avenue UWB, Saint-Étienne",Saint-Étienne,Maison,141,494266,4,2024-09-06
,"123 Chemin NQBWALU, Aulnay-sous-Bois",Aulnay-sous-Bois,Appartement,199,601221,2,2024-09-16
,"9 Boulevard EWZSFVZL, Courbevoie",Courbevoie,Maison,348,1884677,1,2023-11-09
,"149 Avenue OFAHJC, Nanterre",Nanterre,Appartement,387,1332592,4,2021-09-21
,"162 Rue NO, Grenoble",Grenoble,Maison,54,188474,2,2022-01-03
,"186 Chemin GQROQ, Angers",Angers,Maison,360,1736937,4,2021-02-11
,"46 Place ZW, Montpellier",Montpellier,Villa,477,2581981,3,2023-09-16
,"39 Boulevard WFI, Rennes",Rennes,Villa,106,505686,4,2020-10-08
,"86 Boulevard WN, Antibes",Antibes,Appartement,448,2303791,5,2023-01-25
,"91 Place RDTKXSYT, Ajaccio",Ajaccio,Maison,238,1288834,5,2021-09-11
,"177 Boulevard SM, Saint-Étienne",Saint-Étienne,Maison,499,1746740,4,2021-02-06
,"81 Avenue NSWVYVQV, Versailles",Versailles,Villa,221,999479,5,2022-04-03
,"186 Place FIIMISNS, Pessac",Pessac,Maison,127,505850,5,2021-04-02
,"124 Chemin MCHMJCCEFC, Mulhouse",Mulhouse,Maison,343,1117059,3,2020-07-06
,"124 Avenue EXBSOTDE, Caen",Caen,Villa,127,457730,3,2024-09-08
,"81 Chemin WUAAIXUN, Aix-en-Provence",Aix-en-Provence,Villa,105,353190,2,2020-02-27
,"55 Chemin VSZFWQWDNP, Nanterre",Nanterre,Appartement,380,1304454,3,2023-02-19
,"184 Place LGXDQ, Courbevoie",Courbevoie,Villa,81,369949,2,2024-09-23
,"152 Avenue UZOGJ, Vitry-sur-Seine",Vitry-sur-Seine,Maison,149,427251,3,2024-09-05
,"82 Rue OERUCOAM, Chambéry",Chambéry,Maison,423,1574708,4,2024-11-13
,"64 Chemin GZPBAWXPLI, Niort",Niort,Maison,355,1001332,2,2022-12-29
,"19 Avenue OUADURRG, Évry",Évry,Appartement,279,1775462,4,2023-05-07
,"64 Place PEPCUVPIHU, Argenteuil",Argenteuil,Maison,437,2375112,1,2023-03-31
,"189 Rue SPHYP, Asnières-sur-Seine",Asnières-sur-Seine,Maison,273,1379120,5,2021-11-08
,"101 Rue FBQCG, Pantin",Pantin,Appartement,477,1445577,1,2020-12-02
,"197 Rue BGUBPMF, Montauban",Montauban,Appartement,488,1537993,1,2022-11-15
,"117 Avenue BDIT, Montauban",Montauban,Maison,447,2460706,2,2023-10-11
,"120 Rue MQFTQ, Lille",Lille,Villa,103,568973,4,2024-12-09
,"169 Boulevard MBS, Antibes",Antibes,Maison,252,726110,1,2024-09-19
,"47 Rue CUA, Angers",Angers,Appartement,254,885308,1,2020-02-27
,"136 Place GBYQ, La Seyne-sur-Mer",La Seyne-sur-Mer,Appartement,165,774797,5,2024-09-16
,"101 Boulevard ZOQSLTV, Ajaccio",Ajaccio,Maison,400,1470888,5,2023-12-25
,"140 Place CYNRLGEI, Poitiers",Poitiers,Appartement,409,1811514,4,2024-02-26
,"108 Avenue MRXUCQFCKG, Villeurbanne",Villeurbanne,Appartement,263,709631,1,2021-02-11
,"68 Boulevard XGILN, Asnières-sur-Seine",Asnières-sur-Seine,Villa,206,785781,1,2020-02-16
,"7 Place NVHD, Clermont-Ferrand",Clermont-Ferrand,Maison,341,1820083,3,2022-04-28
,"120 Rue XFFVKH, Laval",Laval,Maison,160,845377,2,2023-07-20
,"55 Boulevard DUOMG, Montreuil",Montreuil,Villa,379,1498158,5,2024-10-03
,"104 Chemin TOL, Mérignac",Mérignac,Maison,302,779485,5,2024-05-23
,"143 Rue JVDJIFCKW, Neuilly-sur-Seine",Neuilly-sur-Seine,Maison,438,2169418,1,2020-10-06
,"71 Rue EORERMIY, Troyes",Troyes,Appartement,462,2489733,2,2024-01-27
,"29 Rue UKSM, Valence",Valence,Appartement,46,132416,5,2021-08-30
,"129 Avenue HLYEGBAZJ, Aulnay-sous-Bois",Aulnay-sous-Bois,Villa,440,2255514,1,2021-01-26
,"180 Chemin CFCIK, Toulouse",Toulouse,Appartement,206,724828,3,2023-06-28
,"168 Place VLG, Béziers",Béziers,Villa,437,1337021,4,2022-09-26
,"76 Boulevard LQA, Villeurbanne",Villeurbanne,Villa,162,825958,3,2020-09-05
,"87 Avenue LKHMLEJNX, Courbevoie",Courbevoie,Maison,65,209167,5,2023-08-11
,"41 Chemin JSJ, La Rochelle",La Rochelle,Maison,446,1646553,2,2023-10-10
,"134 Chemin EI, Troyes",Troyes,Appartement,49,268563,5,2024-09-19
,"117 Rue ICZXVVCLLE, Montreuil",Montreuil,Appartement,460,2017554,3,2020-06-28
,"105 Avenue OYMTRTAND, Rouen",Rouen,Maison,163,403701,3,2020-01-10
,"139 Rue HYFHNJR, Nancy",Nancy,Maison,337,1810915,2,2021-08-08
,"178 Rue GDRGFPTVVS, Vitry-sur-Seine",Vitry-sur-Seine,Maison,232,1238192,3,2020-08-03
,"183 Rue IFO, Limoges",Limoges,Villa,224,870606,1,2022-01-21
,"197 Chemin NAHKDI, Le Havre",Le Havre,Appartement,374,1717560,1,2021-08-01
,"61 Rue KP, Vénissieux",Vénissieux,Appartement,187,784552,3,2023-04-15
,"164 Chemin HTUIOPN, Rennes",Rennes,Appartement,273,1024944,1,2024-05-16
,"116 Chemin SVQROZHSH, Clermont-Ferrand",Clermont-Ferrand,Maison,180,541687,5,2020-07-07
,"122 Boulevard OZVG, Limoges",Limoges,Maison,407,1829806,3,2021-07-30
,"200 Avenue DHWR, Metz",Metz,Appartement,56,237648,5,2021-07-28
,"18 Place POCIUK, Noisy-le-Grand",Noisy-le-Grand,Villa,472,2529878,3,2020-07-25
,"8 Boulevard GLGYRVQY, Nice",Nice,Villa,424,1492142,5,2020-11-01
,"56 Avenue LQIFZZEV, Noisy-le-Grand",Noisy-le-Grand,Appartement,169,582478,4,2022-10-07
,"157 Chemin TN, Argenteuil",Argenteuil,Maison,321,1318962,5,2021-01-12
,"99 Chemin IUUWNULDV, Vannes",Vannes,Villa,126,444989,1,2021-12-23
,"51 Place QFIN, Boulogne-Billancourt",Boulogne-Billancourt,Villa,425,2132834,4,2023-05-18
,"71 Boulevard FXAJTJ, Laval",Laval,Appartement,330,1519620,1,2020-12-20
,"108 Rue AFPHYS, Clichy",Clichy,Maison,273,1214239,5,2022-05-08
,"151 Avenue WKMFBTQX, Neuilly-sur-Seine",Neuilly-sur-Seine,Appartement,365,1282362,5,2021-08-24
,"111 Rue XEQL, Antibes",Antibes,Appartement,428,2041645,4,2023-09-25
,"4 Boulevard NFF, Valence",Valence,Maison,176,513108,5,2021-02-16
,"5 Boulevard IRTQIMXVOA, Troyes",Troyes,Appartement,198,946121,2,2020-12-04
,"142 Place JHQXUTEU, Pantin",Pantin,Appartement,315,1598567,1,2023-04-10
,"68 Rue UHJXI, Boulogne-Billancourt",Boulogne-Billancourt,Appartement,160,760566,3,2024-10-22
,"110 Chemin AWMQBW, Angers",Angers,Villa,196,855186,2,2020-12-21
,"32 Chemin UQFAV, Marseille",Marseille,Maison,53,81945,2,2022-03-01
,"5 Place PGKO, Pessac",Pessac,Maison,197,933659,1,2021-01-10
,"69 Rue YOLF, Ivry-sur-Seine",Ivry-sur-Seine,Appartement,125,484745,3,2024-06-18
,"75 Boulevard YLPN, La Rochelle",La Rochelle,Maison,122,469933,1,2020-04-25
,"24 Avenue ZCAUVNQX, Limoges",Limoges,Appartement,270,652303,5,2021-08-09
,"40 Boulevard HBOAREYZLC, La Roche-sur-Yon",La Roche-sur-Yon,Villa,110,260676,2,2020-10-02
,"157 Boulevard YUXJSEYDM, Courbevoie",Courbevoie,Maison,134,610489,2,2021-03-30
,"69 Rue ZJLJIKVD, Montpellier",Montpellier,Villa,292,1301014,5,2024-08-28
,"152 Place EI, Vénissieux",Vénissieux,Appartement,255,1255085,5,2024-07-25
,"182 Place RE, Metz",Metz,Appartement,205,634060,4,2022-06-16
,"161 Boulevard UX, Rennes",Rennes,Appartement,275,1389963,1,2021-05-13
,"141 Avenue GFLVRRLYV, Lorient",Lorient,Maison,119,599034,1,2020-08-04
,"55 Place DNBCTJ, Colmar",Colmar,Maison,373,970108,1,2021-05-20
,"94 Avenue FMDQYQSWVX, Bourges",Bourges,Maison,400,1471015,5,2021-10-03
,"30 Chemin OKE, Valence",Valence,Appartement,25,97197,5,2024-09-01
,"198 Place MHLND, Ajaccio",Ajaccio,Appartement,450,1551371,4,2024-04-07
,"184 Rue BFXDVKYS, Roubaix",Roubaix,Appartement,36,175127,5,2021-05-24
,"46 Place FFF, Cergy",Cergy,Villa,333,1420381,1,2020-12-27
,"101 Boulevard CXHSADQDAD, Nanterre",Nanterre,Maison,156,569188,4,2023-10-15
,"52 Chemin WSZ, Vitry-sur-Seine",Vitry-sur-Seine,Maison,243,1181623,2,2023-05-14
,"112 Boulevard VCVQXD, La Rochelle",La Rochelle,Villa,263,957308,1,2021-05-27
,"44 Boulevard YXCLXDDU, Maisons-Alfort",Maisons-Alfort,Maison,471,1838493,1,2023-12-10
,"105 Avenue DGTLVPKU, Rouen",Rouen,Maison,184,1108363,4,2023-03-09
,"111 Place MAAS, Argenteuil",Argenteuil,Villa,232,706141,4,2020-09-28
,"192 Rue QJAEZUZJC, Mérignac",Mérignac,Appartement,299,765397,3,2023-09-20
,"44 Rue SNJYZ, Béziers",Béziers,Appartement,362,1577668,3,2024-05-01
,"19 Rue LGTEQWPV, Villeurbanne",Villeurbanne,Maison,484,1966846,4,2023-01-16
,"53 Avenue FSZ, Boulogne-Billancourt",Boulogne-Billancourt,Maison,339,1030040,5,2020-10-27
,"103 Avenue TWUGYOPJU, Niort",Niort,Villa,306,1379357,1,2022-03-09
,"88 Boulevard WCOXEWORL, Aix-en-Provence",Aix-en-Provence,Maison,494,2052236,5,2023-07-22
,"63 Place YDWUVKYG, Cergy",Cergy,Appartement,472,1825998,3,2020-10-30
,"85 Chemin TFPRWUQ, Issy-les-Moulineaux",Issy-les-Moulineaux,Villa,262,1045334,5,2020-11-07
,"178 Rue DSHGVS, Sarcelles",Sarcelles,Appartement,180,967737,3,2020-04-14
,"198 Boulevard LCJIUKGMW, Drancy",Drancy,Maison,109,492885,1,2022-09-17
,"131 Rue UJF, Clermont-Ferrand",Clermont-Ferrand,Appartement,91,280781,3,2021-10-19
,"152 Boulevard NEGN, Drancy",Drancy,Maison,296,1075439,2,2024-09-24
,"18 Place OAACTL, Troyes",Troyes,Maison,374,1665279,3,2024-06-01
,"98 Chemin FMRHDVFVLB, Le Mans",Le Mans,Villa,91,308943,1,2022-03-24
,"136 Rue JXIKXRACOY, Niort",Niort,Appartement,372,1239856,5,2022-09-26
,"168 Chemin FRVXNDEF, Tours",Tours,Villa,321,1496331,4,2023-05-05
,"111 Avenue MJCD, Strasbourg",Strasbourg,Villa,464,1726191,1,2022-02-14
,"178 Avenue WEADUTQXKS, Antony",Antony,Appartement,482,2213964,4,2020-02-15
,"194 Avenue YFZOU, Évry",Évry,Appartement,87,303258,1,2023-11-22
,"12 Rue EDLDNZZBT, Lille",Lille,Villa,46,161827,1,2022-07-20
,"160 Place EKRPBUB, La Seyne-sur-Mer",La Seyne-sur-Mer,Villa,289,1271869,5,2024-01-25
,"181 Place HWEIGVOGP, Nancy",Nancy,Villa,365,1338462,4,2021-07-15
,"83 Place ZAYSHTDEN, Nîmes",Nîmes,Appartement,96,268136,3,2021-08-22
,"91 Boulevard FHQ, Montpellier",Montpellier,Maison,176,742386,5,2022-12-31
,"188 Boulevard GUIWYN, Champigny-sur-Marne",Champigny-sur-Marne,Maison,109,426617,5,2020-04-10
,"61 Chemin JIFDUPS, Clermont-Ferrand",Clermont-Ferrand,Appartement,404,1800334,2,2024-10-27
,"181 Rue EEY, Chambéry",Chambéry,Maison,242,554686,5,2020-09-25
,"50 Chemin ZSIIHHUDKP, Perpignan",Perpignan,Villa,316,1693717,4,2024-05-19
,"181 Boulevard XG, Cergy",Cergy,Villa,174,714358,5,2024-12-14
,"165 Avenue MUDVGLTU, Colombes",Colombes,Appartement,455,2177042,2,2024-10-25
,"183 Rue WQQXTAFD, Mérignac",Mérignac,Maison,248,901989,1,2024-04-24
,"153 Chemin JGOTYOVVB, Saint-Denis",Saint-Denis,Appartement,437,1636938,2,2024-07-26
,"87 Boulevard EDTHRLO, Villeneuve-d'Ascq",Villeneuve-d'Ascq,Appartement,402,1874495,2,2021-03-05
,"128 Rue QQYUUFZKD, Colombes",Colombes,Maison,339,1685429,3,2023-11-02
,"195 Chemin SVFJMXARDZ, Évry",Évry,Maison,138,498688,4,2023-11-12
,"41 Rue UJFDB, Toulon",Toulon,Villa,322,1600241,2,2020-08-04
,"114 Chemin LG, Saint-Quentin",Saint-Quentin,Maison,229,999071,1,2022-09-29
,"6 Place WZUIGNMN, Marseille",Marseille,Villa,445,2208561,1,2024-11-17
,"73 Chemin DLHUNG, Saint-Denis",Saint-Denis,Appartement,82,349557,1,2020-05-17
,"41 Rue SFEGQKV, Levallois-Perret",Levallois-Perret,Villa,472,1644369,5,2022-03-03
,"101 Chemin RFDG, Poitiers",Poitiers,Appartement,65,296394,1,2024-03-21
,"78 Avenue IT, Clermont-Ferrand",Clermont-Ferrand,Maison,245,1108227,4,2022-11-02
,"119 Place EYNBEFILN, Vénissieux",Vénissieux,Villa,337,1624792,4,2020-05-01
,"32 Avenue NVBSI, Orléans",Orléans,Appartement,322,1414706,4,2023-06-03
,"158 Boulevard TONRWNV, Lyon",Lyon,Appartement,58,140965,4,2021-04-12
,"114 Chemin UALNW, Versailles",Versailles,Villa,83,288645,2,2022-04-06
,"154 Place OFQJXYFD, Marseille",Marseille,Villa,93,283735,4,2022-05-01
,"155 Boulevard YKV, Champigny-sur-Marne",Champigny-sur-Marne,Maison,292,934477,5,2021-10-30
,"102 Avenue PZEZZ, Nancy",Nancy,Maison,237,626737,1,2022-07-16
,"142 Place TJOWHH, Aix-en-Provence",Aix-en-Provence,Appartement,482,2003541,1,2022-10-18
,"88 Chemin ZEGKZK, Caen",Caen,Villa,129,445963,1,2022-03-27
,"112 Boulevard EAVGD, Bondy",Bondy,Appartement,394,1383144,5,2024-10-31
,"87 Rue ZLVXGZFHHI, Niort",Niort,Maison,68,304018,1,2021-07-09
,"17 Rue HUQW, Levallois-Perret",Levallois-Perret,Appartement,229,717274,1,2023-08-03
,"93 Avenue OBCFNPLA, Brest",Brest,Maison,62,211160,3,2023-10-13
,"148 Rue KZVJFSWLB, Versailles",Versailles,Maison,342,2047968,3,2022-10-18
,"3 Avenue OICTWZAML, Grenoble",Grenoble,Maison,412,2394997,1,2023-11-24
,"83 Boulevard LSJBSKEUWV, Nîmes",Nîmes,Maison,354,1315768,2,2024-12-08
,"6 Rue GG, Orléans",Orléans,Appartement,373,820389,1,2024-04-28
,"171 Rue XHM, Courbevoie",Courbevoie,Appartement,115,409146,4,2022-08-25
,"82 Rue NPZLVSM, Grenoble",Grenoble,Maison,89,366239,1,2020-09-02
,"72 Rue NMGBQDND, Vannes",Vannes,Villa,392,1889582,3,2020-01-29
,"143 Place KZ, Toulon",Toulon,Appartement,214,906527,4,2024-05-20
,"129 Rue YSGOBPZW, Orléans",Orléans,Appartement,215,857201,5,2020-02-21
,"58 Place ZMIT, Vénissieux",Vénissieux,Villa,320,1271242,3,2022-03-20
,"121 Rue HZI, Lille",Lille,Maison,131,559130,2,2023-11-30
,"22 Boulevard AVRQG, Vénissieux",Vénissieux,Maison,182,626059,2,2023-08-23
,"121 Place KOYW, Saint-Denis",Saint-Denis,Villa,69,152067,4,2020-02-16
,"144 Rue KTUBSJRD, Nîmes",Nîmes,Maison,27,126485,4,2020-01-25
,"31 Rue AEA, Nantes",Nantes,Villa,102,532467,2,2020-04-26
,"41 Place OLDPEQP, Montreuil",Montreuil,Maison,305,1254036,5,2021-10-26
,"197 Place HCWOHZ, Pessac",Pessac,Villa,359,1635605,5,2022-10-07
,"117 Boulevard HBOIP, Antony",Antony,Appartement,39,148141,2,2023-10-02
,"12 Rue IZCW, Champigny-sur-Marne",Champigny-sur-Marne,Villa,178,702959,4,2020-06-09
,"190 Chemin VYWKYXP, Aulnay-sous-Bois",Aulnay-sous-Bois,Maison,202,1037846,4,2022-03-25
,"81 Chemin SWVXUJZPWY, Ivry-sur-Seine",Ivry-sur-Seine,Maison,398,1463110,2,2021-01-18
,"157 Chemin GFAI, Lille",Lille,Maison,413,2178090,5,2022-06-09
,"148 Rue QVWI, Tours",Tours,Villa,106,441440,3,2021-01-07
,"52 Chemin UPECNE, Antibes",Antibes,Appartement,195,675937,4,2020-01-04
,"145 Avenue NLQ, Orléans",Orléans,Appartement,261,1014331,2,2020-07-30
,"79 Rue ZHQMHSAIWJ, Amiens",Amiens,Villa,279,1281490,2,2023-12-24
,"160 Rue JOKE, Ajaccio",Ajaccio,Appartement,459,1443896,4,2022-02-26
,"57 Avenue DSOOPHOV, Besançon",Besançon,Villa,274,1410072,5,2021-11-04
,"82 Rue XHBTWW, Champigny-sur-Marne",Champigny-sur-Marne,Appartement,354,1627706,5,2023-07-03
,"54 Rue YU, Maisons-Alfort",Maisons-Alfort,Villa,286,1208709,1,2021-12-23
,"31 Chemin FLU, Saint-Étienne",Saint-Étienne,Villa,114,283293,4,2022-02-09
,"121 Place CZDK, Lille",Lille,Appartement,68,427055,1,2024-08-02
,"170 Place MQYMUWX, Clichy",Clichy,Maison,434,2231984,4,2021-11-14
,"3 Chemin HQJ, Neuilly-sur-Seine",Neuilly-sur-Seine,Maison,358,1696212,3,2021-04-11
,"1 Rue TA, Marseille",Marseille,Villa,79,283033,2,2024-08-06
,"47 Avenue YQUDULJ, Pau",Pau,Villa,260,1036097,1,2021-03-01
,"38 Boulevard ZEAOJJOSZH, Perpignan",Perpignan,Villa,167,780196,4,2023-02-27
,"160 Boulevard MZYHMEU, Vannes",Vannes,Appartement,494,1885636,3,2023-12-08
,"124 Boulevard WJGBHHSHMP, Quimper",Quimper,Villa,213,605748,4,2024-03-08
,"2 Rue EKCU, Saint-Nazaire",Saint-Nazaire,Appartement,421,1981484,2,2020-05-11
,"180 Place OTABHK, Saint-Denis",Saint-Denis,Maison,360,1418112,5,2024-02-19
,"188 Place QDSI, Quimper",Quimper,Villa,386,2099633,5,2024-06-22
,"41 Place WDV, Mulhouse",Mulhouse,Villa,45,164885,1,2020-05-11
,"103 Rue HEJ, Béziers",Béziers,Appartement,59,192523,2,2024-03-13
,"188 Rue EIWVOZVZM, Pessac",Pessac,Maison,440,1172224,5,2021-03-10
,"47 Rue YRUIQLRSU, Cergy",Cergy,Appartement,203,857295,5,2020-07-24
,"16 Boulevard MAX, Angers",Angers,Appartement,131,569797,5,2023-11-28
,"119 Boulevard WSXOJHA, Versailles",Versailles,Maison,219,926284,3,2023-08-23
,"105 Chemin QE, Nice",Nice,Maison,421,1359251,2,2024-04-23
,"155 Avenue DRXAWN, Nîmes",Nîmes,Appartement,470,1703417,5,2024-09-27
,"38 Boulevard ZHTULRTN, Reims",Reims,Maison,183,771043,3,2024-10-04
,"163 Rue UBJ, Évry",Évry,Appartement,61,213284,4,2022-08-11
,"167 Boulevard BODNZNSR, La Roche-sur-Yon",La Roche-sur-Yon,Appartement,402,2612388,4,2021-04-02
,"23 Avenue LKWTQ, Nice",Nice,Villa,307,1581962,3,2022-08-10
,"32 Avenue PE, Tourcoing",Tourcoing,Villa,365,1965274,4,2024-08-05
,"151 Rue NAHF, Clichy",Clichy,Maison,452,2739055,2,2023-02-14
,"44 Avenue GNWP, Nîmes",Nîmes,Appartement,420,2077606,5,2022-01-16
,"87 Avenue FLKHYJYY, Antony",Antony,Appartement,388,723001,4,2020-11-07
,"8 Avenue LUCBL, Dunkerque",Dunkerque,Maison,207,926929,3,2024-08-24
,"122 Place XU, Vénissieux",Vénissieux,Maison,217,833372,2,2023-03-22
,"10 Boulevard OIWVTMM, Colombes",Colombes,Maison,282,1516033,3,2022-03-10
,"123 Boulevard BMYFOWHH, Niort",Niort,Villa,272,925265,4,2024-02-20
,"147 Boulevard LZCIM, Strasbourg",Strasbourg,Villa,96,351601,5,2020-04-11
,"162 Rue QQJYWARADF, Calais",Calais,Appartement,362,1520680,1,2023-04-22
,"52 Rue QANXJX, Dijon",Dijon,Appartement,465,2469884,5,2020-07-21
,"125 Boulevard LGZVNBD, Montreuil",Montreuil,Appartement,478,1861420,3,2020-01-19
,"103 Place VC, Créteil",Créteil,Appartement,178,728014,2,2020-11-25
,"70 Rue KBALNECBA, Chambéry",Chambéry,Villa,88,434284,1,2023-10-17
,"101 Rue RFCHJ, Toulon",Toulon,Villa,469,2097725,4,2023-07-30
,"116 Place FY, Troyes",Troyes,Appartement,476,2285544,4,2020-12-28
,"158 Place YYXJKJAMW, Niort",Niort,Villa,400,1251802,3,2022-09-26
,"173 Place BRMN, Argenteuil",Argenteuil,Villa,56,174972,4,2023-02-15
,"16 Chemin YIAXXWCFD, Amiens",Amiens,Appartement,173,373341,4,2023-10-23
,"47 Avenue CX, Courbevoie",Courbevoie,Appartement,411,884654,4,2024-09-29
,"197 Place WQSBFRHZUO, Perpignan",Perpignan,Appartement,278,1083827,2,2020-10-15
,"21 Place EUTWFBIVB, Aix-en-Provence",Aix-en-Provence,Villa,397,1537383,5,2020-03-01
,"94 Boulevard KVANQZNH, Maisons-Alfort",Maisons-Alfort,Appartement,293,1117921,1,2020-04-18
,"27 Chemin KCMMIRON, Courbevoie",Courbevoie,Maison,206,754731,2,2022-07-12
,"53 Place AZABQRDIW, Nîmes",Nîmes,Maison,108,391939,2,2021-07-07
,"35 Avenue LJCHHR, Nancy",Nancy,Appartement,203,764282,1,2021-06-28
,"126 Avenue MILF, Noisy-le-Grand",Noisy-le-Grand,Appartement,315,1234246,5,2021-12-26
,"28 Chemin FGYI, Antibes",Antibes,Appartement,325,709213,2,2024-06-17
,"43 Boulevard KHZUBYFA, Asnières-sur-Seine",Asnières-sur-Seine,Appartement,499,1846998,4,2023-02-22
,"183 Chemin KFM, Grenoble",Grenoble,Villa,218,637819,5,2022-10-30
,"58 Chemin YKMCEWWJ, Antony",Antony,Appartement,378,2475214,5,2023-08-11
,"86 Boulevard MXGPDPLFRB, Évry",Évry,Villa,174,977689,3,2024-11-29
,"130 Place WDLEJW, La Rochelle",La Rochelle,Appartement,188,831865,5,2021-01-11
,"184 Boulevard UOABGT, Calais",Calais,Villa,274,1145472,1,2022-09-25
,"150 Chemin IZHYTNXL, Laval",Laval,Maison,270,1044708,4,2022-09-25
,"31 Place QR, Toulon",Toulon,Appartement,69,331683,1,2021-06-04
,"5 Rue HENCTKLOCP, Nice",Nice,Maison,352,1681206,1,2023-11-08
,"62 Rue HEEDDWUDIC, Maisons-Alfort",Maisons-Alfort,Appartement,188,843075,1,2024-02-07
,"101 Avenue UNYB, Metz",Metz,Appartement,207,758003,4,2020-04-17
,"46 Rue TTJYWNIDD, Brest",Brest,Maison,79,410700,2,2023-04-23
,"29 Place USU, Nice",Nice,Villa,272,911148,2,2021-03-18
,"41 Place VEBYPQ, Roubaix",Roubaix,Maison,361,537527,5,2023-02-08
,"105 Avenue LZ, Nîmes",Nîmes,Villa,323,1267772,1,2022-12-28
,"79 Boulevard ONRFOO, Le Havre",Le Havre,Appartement,200,689403,2,2022-06-13
,"35 Chemin QYRJXFRY, Grenoble",Grenoble,Maison,388,2142673,4,2022-08-25
,"43 Avenue PKZN, Vannes",Vannes,Maison,126,382087,3,2024-02-16
,"96 Avenue QRBQIJONH, Montauban",Montauban,Appartement,473,2427130,3,2022-07-11
,"182 Rue AHAVWON, Besançon",Besançon,Maison,106,263002,2,2020-07-21
,"141 Chemin UWZHH, Antony",Antony,Maison,26,143784,3,2020-06-21
,"199 Chemin WGPVAUAMDO, Toulouse",Toulouse,Villa,59,284255,2,2022-07-23
,"158 Avenue USEP, Villeneuve-d'Ascq",Villeneuve-d'Ascq,Maison,185,502077,2,2024-01-01
,"102 Place DMBS, Metz",Metz,Maison,259,1352670,5,2024-04-17
,"61 Rue ZZKQ, Rueil-Malmaison",Rueil-Malmaison,Appartement,68,251024,2,2024-06-28
,"73 Chemin AX, Boulogne-Billancourt",Boulogne-Billancourt,Appartement,81,343196,3,2021-09-06
,"128 Place EOSWR, Pau",Pau,Maison,492,1788156,1,2022-11-28
,"59 Chemin LPVQK, Antibes",Antibes,Villa,115,418977,4,2021-03-05
,"27 Rue HSICZRSIPJ, Évry",Évry,Villa,424,2151819,3,2020-07-07
,"34 Boulevard RRKKA, Saint-Denis",Saint-Denis,Maison,446,1808846,2,2023-06-27
,"167 Avenue ODH, Saint-Quentin",Saint-Quentin,Appartement,149,377125,3,2022-12-25
,"75 Rue NTUWM, Nancy",Nancy,Appartement,226,827186,1,2022-01-18
,"17 Rue QJEMYE, Clichy",Clichy,Villa,370,1050401,2,2023-11-17
,"7 Boulevard EOAWFMU, Boulogne-Billancourt",Boulogne-Billancourt,Appartement,454,2150754,1,2020-02-20
,"182 Avenue XGZBG, Saint-Denis",Saint-Denis,Appartement,167,671631,2,2023-10-26
,"104 Boulevard NWD, Lorient",Lorient,Appartement,496,2998154,4,2022-06-18
,"199 Place DCRUVGP, Pau",Pau,Appartement,206,967820,4,2021-12-28
,"4 Avenue DTYNLK, Toulon",Toulon,Villa,139,625171,1,2020-10-06
,"120 Rue MOCRISTCF, Brest",Brest,Maison,439,1822607,4,2024-07-01
,"56 Avenue SFG, Antony",Antony,Maison,363,1119903,3,2020-07-14
,"8 Boulevard VA, Vénissieux",Vénissieux,Maison,40,85021,2,2021-05-09
,"84 Boulevard EAR, Maisons-Alfort",Maisons-Alfort,Maison,331,1441543,2,2021-09-14
,"155 Boulevard MGPWNDXC, Montauban",Montauban,Maison,288,1596978,3,2020-05-02
,"8 Boulevard UAKMEKZHG, Asnières-sur-Seine",Asnières-sur-Seine,Villa,352,1202696,3,2020-07-10
,"52 Chemin OVZCHSFB, Grenoble",Grenoble,Villa,309,1018777,5,2021-07-14
,"10 Chemin GRPFYZR, Saint-Maur-des-Fossés",Saint-Maur-des-Fossés,Maison,276,851690,1,2020-03-15
,"175 Rue ZYHGJ, Aix-en-Provence",Aix-en-Provence,Appartement,181,942573,5,2020-07-15
,"174 Chemin QYUWLSVQY, Charleville-Mézières",Charleville-Mézières,Maison,463,1726342,4,2023-08-20
,"167 Place XWUXIWSNGH, Calais",Calais,Villa,390,1512315,3,2022-09-18
,"144 Boulevard GYBSKHJWGS, Ajaccio",Ajaccio,Villa,219,750831,1,2023-04-10
,"88 Avenue NSHKXFLTA, Lyon",Lyon,Appartement,90,396103,3,2020-05-05
,"37 Rue TP, Saint-Quentin",Saint-Quentin,Maison,111,369692,1,2024-03-15
,"195 Chemin GRL, Niort",Niort,Appartement,34,139159,2,2020-04-03
,"143 Boulevard UTRIXH, Bordeaux",Bordeaux,Maison,399,1114549,1,2021-06-11
,"11 Rue OUEL, Saint-Quentin",Saint-Quentin,Maison,186,675708,5,2020-10-15
,"86 Place NXOFSBHGUR, Neuilly-sur-Seine",Neuilly-sur-Seine,Villa,79,240573,2,2021-04-21
,"31 Chemin YU, Champigny-sur-Marne",Champigny-sur-Marne,Maison,195,588635,5,2021-06-13
,"171 Rue QT, Saint-Quentin",Saint-Quentin,Maison,182,854239,1,2022-03-25
,"45 Avenue UJGRUWJ, Caen",Caen,Villa,259,1194447,4,2024-10-05
,"140 Place PTQFZ, Aulnay-sous-Bois",Aulnay-sous-Bois,Maison,187,808088,1,2020-07-02
,"172 Avenue XHYJZHXD, Perpignan",Perpignan,Villa,155,604907,5,2020-09-29
,"142 Chemin WZZMF, Colombes",Colombes,Maison,231,931736,4,2020-04-22
,"81 Avenue BXPDHHYEQK, Nantes",Nantes,Maison,381,1309409,4,2021-11-03
,"133 Boulevard WMURMOFF, Colombes",Colombes,Maison,23,68468,4,2024-01-26
,"97 Place FHCBUEVJQZ, Bordeaux",Bordeaux,Villa,328,436651,5,2024-07-21
,"184 Place FSLSZO, Bourges",Bourges,Maison,466,1459373,4,2021-03-23
,"66 Avenue AIEJBOILWW, Chambéry",Chambéry,Villa,140,558074,3,2020-05-02
,"35 Avenue WMCYVO, Lorient",Lorient,Maison,157,574490,4,2021-07-17
,"16 Place OKBPV, Dunkerque",Dunkerque,Villa,425,1249886,1,2023-01-04
,"127 Place KJ, Montreuil",Montreuil,Villa,463,1596659,4,2020-02-24
,"116 Avenue EDWCC, Aulnay-sous-Bois",Aulnay-sous-Bois,Villa,205,1022325,3,2020-04-05
,"74 Place SRWOJWAZ, Levallois-Perret",Levallois-Perret,Maison,417,2203394,1,2023-07-16
,"55 Chemin AGQ, Rouen",Rouen,Maison,310,1449226,1,2023-09-12
,"4 Boulevard RPYYMJKKB, Montreuil",Montreuil,Villa,237,704294,5,2024-10-23
,"40 Chemin RMBVIDFC, Lille",Lille,Villa,199,914338,2,2022-07-20
,"186 Avenue DYIHK, Aix-en-Provence",Aix-en-Provence,Appartement,126,363735,5,2022-07-04
,"114 Rue KIRDMBE, Besançon",Besançon,Villa,25,105226,1,2023-12-08
,"162 Avenue YUWZ, Nanterre",Nanterre,Appartement,195,1103750,4,2020-06-08
,"51 Place PTPFGXISYT, Toulon",Toulon,Appartement,481,2065996,3,2021-08-12
,"54 Place IPB, Noisy-le-Grand",Noisy-le-Grand,Villa,288,1205181,2,2022-05-30
,"116 Place QEVVES, Marseille",Marseille,Villa,58,122105,4,2021-04-10
,"71 Place WGAFNG, Perpignan",Perpignan,Villa,274,919823,4,2024-08-29
,"178 Avenue BLO, Poitiers",Poitiers,Maison,264,569377,5,2022-03-12
,"7 Chemin ERQDJLYW, Perpignan",Perpignan,Villa,24,86638,3,2021-07-27
,"120 Place YBNKKS, Évry",Évry,Appartement,481,2358584,3,2020-09-04
,"167 Boulevard UBBHX, Saint-Maur-des-Fossés",Saint-Maur-des-Fossés,Appartement,228,639115,1,2023-10-20
,"17 Chemin FOWFHMRHQY, Aubervilliers",Aubervilliers,Maison,120,568270,3,2021-08-29
,"18 Place IEGPEOG, Dunkerque",Dunkerque,Appartement,99,385821,1,2021-10-08
,"96 Boulevard HTBSJE, Clermont-Ferrand",Clermont-Ferrand,Villa,155,715399,2,2023-01-12
,"199 Avenue DIMYUU, Vitry-sur-Seine",Vitry-sur-Seine,Villa,265,1200910,3,2024-05-14
,"76 Chemin IMTVU, Montpellier",Montpellier,Villa,260,773836,1,2022-07-01
,"190 Boulevard QGYQYO, Nancy",Nancy,Appartement,411,2525637,3,2024-05-09
,"171 Place FE, Lyon",Lyon,Appartement,76,326617,1,2024-03-14
,"162 Avenue MSNQUYLSXO, Issy-les-Moulineaux",Issy-les-Moulineaux,Appartement,286,1656460,4,2022-02-01
,"115 Avenue LXNXAMJZCY, Grenoble",Grenoble,Villa,136,590699,1,2023-01-19
,"74 Place OMSLXKQEJ, Troyes",Troyes,Villa,118,451745,2,2024-07-11
,"31 Place YTZYLNLBGM, La Seyne-sur-Mer",La Seyne-sur-Mer,Villa,492,2201015,1,2020-11-16
,"74 Boulevard PND, Beauvais",Beauvais,Appartement,31,72827,2,2023-12-12
,"16 Chemin BDJC, Bourges",Bourges,Villa,59,266581,4,2020-01-06
,"16 Chemin DO, Nîmes",Nîmes,Villa,490,1801641,2,2022-07-03
,"152 Boulevard WTE, Niort",Niort,Appartement,63,150453,1,2022-01-30
,"71 Rue KIBXZACZS, Charleville-Mézières",Charleville-Mézières,Appartement,450,1644868,2,2023-05-17
,"115 Rue QWDIOX, Niort",Niort,Maison,182,662960,5,2022-12-15
,"14 Rue YKRNYGBQ, Paris",Paris,Maison,112,521264,3,2024-05-24
,"131 Avenue AWIHKEAJN, Drancy",Drancy,Villa,435,1644159,1,2023-07-04
,"174 Avenue RF, Courbevoie",Courbevoie,Appartement,103,427914,2,2021-06-14
,"27 Rue SWU, Rueil-Malmaison",Rueil-Malmaison,Villa,401,1274153,1,2024-10-13
,"60 Place OWWWF, Bondy",Bondy,Maison,328,1034804,4,2023-05-06
,"5 Place WIUZGGQUZ, Saint-Étienne",Saint-Étienne,Villa,299,978011,5,2024-04-06
,"44 Avenue HOVA, Lille",Lille,Villa,270,785859,4,2023-03-13
,"140 Chemin IZBBIJF, Nantes",Nantes,Appartement,400,1435551,1,2024-03-09
,"73 Place VXOLRWQI, Caen",Caen,Maison,67,174737,1,2023-02-22
,"8 Rue XMMYKXB, Aubervilliers",Aubervilliers,Appartement,72,433668,4,2020-05-30
,"149 Avenue QSZ, Laval",Laval,Maison,328,1343398,5,2023-03-07
,"31 Place KPN, Noisy-le-Grand",Noisy-le-Grand,Villa,130,740455,3,2023-05-23
,"113 Avenue MFGFN, Nancy",Nancy,Villa,124,635237,1,2023-09-22
,"104 Chemin ARVSBCK, Champigny-sur-Marne",Champigny-sur-Marne,Maison,26,121995,4,2023-06-28
,"33 Place KYAOTAGLM, Le Mans",Le Mans,Maison,424,623946,1,2021-06-11
,"155 Avenue PL, Avignon",Avignon,Maison,262,1239723,3,2023-10-15
,"171 Boulevard DARHDSWKOK, Boulogne-Billancourt",Boulogne-Billancourt,Maison,424,2142557,1,2023-06-30
,"59 Rue FALOO, Argenteuil",Argenteuil,Appartement,153,594042,3,2020-02-13
,"108 Place MRKTQBZ, Aubervilliers",Aubervilliers,Maison,72,351550,5,2020-09-17
,"108 Boulevard WXBWO, Lyon",Lyon,Maison,123,392851,1,2020-10-05
,"87 Chemin MAGWQSJN, Bordeaux",Bordeaux,Maison,82,391985,4,2022-12-31
,"169 Boulevard WZBGAFWSZ, Orléans",Orléans,Maison,388,1630683,3,2022-06-01
,"24 Rue XEHEE, Perpignan",Perpignan,Appartement,21,105404,5,2021-07-29
,"130 Rue KMI, Clermont-Ferrand",Clermont-Ferrand,Villa,28,101906,2,2023-02-11
,"56 Boulevard XJAIL, Dijon",Dijon,Maison,88,415256,1,2021-07-10
,"3 Boulevard KTCXUMHRQZ, Antony",Antony,Appartement,183,789949,2,2022-02-10
,"97 Avenue NPYJY, Tours",Tours,Villa,275,1300510,5,2022-04-28
,"84 Avenue UATTIVFFEB, Cannes",Cannes,Villa,246,611572,1,2022-10-07
,"92 Boulevard VRLGHUMNAQ, Courbevoie",Courbevoie,Maison,215,1000103,3,2022-12-04
,"5 Place AJGOHNISO, Antony",Antony,Maison,221,740687,1,2024-01-31
,"23 Chemin PJGXMNFEW, La Seyne-sur-Mer",La Seyne-sur-Mer,Appartement,180,758245,4,2020-01-31
,"95 Avenue WPJ, Quimper",Quimper,Maison,203,973798,1,2020-08-01
,"28 Avenue HB, Troyes",Troyes,Villa,476,1526652,1,2023-11-09
,"22 Rue KRGCYU, Colmar",Colmar,Villa,251,948812,1,2023-06-06
,"122 Place MCYQASV, Noisy-le-Grand",Noisy-le-Grand,Appartement,225,703715,3,2022-03-10
,"60 Boulevard ZWMPSRXEGV, Dijon",Dijon,Villa,228,884233,1,2022-08-12
,"55 Avenue PCI, Neuilly-sur-Seine",Neuilly-sur-Seine,Maison,23,120240,4,2020-07-11
,"150 Chemin POWU, Nice",Nice,Maison,326,1591981,1,2023-03-10
,"106 Rue RWNMZGB, Champigny-sur-Marne",Champigny-sur-Marne,Appartement,367,1357456,5,2022-10-16
,"135 Boulevard OC, La Roche-sur-Yon",La Roche-sur-Yon,Appartement,275,736654,3,2024-11-19
,"144 Boulevard PRUSVDYIYX, Poitiers",Poitiers,Maison,253,962606,1,2022-07-20
,"30 Avenue IDIQBWAYQY, Nantes",Nantes,Maison,436,2349727,2,2021-03-03
,"24 Place ON, Perpignan",Perpignan,Villa,442,1760431,4,2024-02-28
,"83 Boulevard YLZ, Paris",Paris,Appartement,81,400108,4,2020-10-12
,"47 Boulevard AHYGTCAYQ, Nantes",Nantes,Appartement,443,1638053,3,2024-10-02
,"187 Place QWHSNMDUFZ, Hyères",Hyères,Appartement,344,1590974,4,2021-03-03
,"53 Chemin MS, Boulogne-Billancourt",Boulogne-Billancourt,Maison,212,1103771,4,2023-09-12
,"97 Boulevard UADUBGY, Toulouse",Toulouse,Appartement,380,1140768,3,2023-06-04
,"16 Rue NFRSQY, Quimper",Quimper,Appartement,172,576103,1,2022-01-18
,"70 Rue CE, Ajaccio",Ajaccio,Appartement,329,1290783,2,2022-09-11
,"142 Avenue IGJHTTML, Saint-Quentin",Saint-Quentin,Villa,111,488186,4,2021-01-23
,"129 Boulevard ZMBSS, Pantin",Pantin,Maison,245,805772,1,2020-12-14
,"139 Rue ECOQQJXQ, Colmar",Colmar,Villa,353,1465398,2,2021-02-16
,"187 Rue KLZCPJMAO, Chambéry",Chambéry,Maison,156,773531,5,2023-12-05
,"80 Place MRNUSR, Drancy",Drancy,Appartement,51,258041,2,2024-04-02
,"50 Place PZD, Aulnay-sous-Bois",Aulnay-sous-Bois,Appartement,381,2360697,4,2023-10-20
,"85 Avenue UW, Avignon",Avignon,Appartement,100,559362,3,2024-03-03
,"141 Boulevard USZD, Nantes",Nantes,Villa,33,150174,4,2021-07-23
,"16 Rue VPZZFC, Limoges",Limoges,Villa,418,1817731,1,2020-04-29
,"1 Rue KADK, Perpignan",Perpignan,Villa,389,1631571,2,2021-02-14
,"2 Avenue RGISQLZC, Boulogne-Billancourt",Boulogne-Billancourt,Villa,157,685095,3,2023-04-06
,"157 Rue SZOCIIZHZ, Metz",Metz,Maison,176,785418,1,2024-03-22
,"48 Boulevard CNJMS, Toulouse",Toulouse,Appartement,178,563412,5,2022-02-09
,"12 Boulevard LFMSB, Angers",Angers,Villa,433,1703479,4,2021-04-15
,"55 Rue PRBTD, Charleville-Mézières",Charleville-Mézières,Appartement,214,1051977,2,2020-10-12
,"177 Boulevard CHN, Charleville-Mézières",Charleville-Mézières,Appartement,449,1501289,4,2023-11-16
,"169 Place KSZMVZ, Évry",Évry,Appartement,467,1967034,3,2021-04-10
,"69 Place OTEBAGU, Roubaix",Roubaix,Maison,179,872306,3,2023-03-31
,"197 Boulevard SBVQEHKISQ, Perpignan",Perpignan,Appartement,467,1516771,2,2023-10-12
,"39 Chemin CXZORMLKTK, Bondy",Bondy,Appartement,419,2113317,5,2020-06-05
,"68 Avenue WATMXHQ, Dunkerque",Dunkerque,Appartement,55,204665,5,2024-09-07
,"114 Boulevard NZAKBQMN, Rouen",Rouen,Maison,218,680897,3,2024-09-12
,"3 Chemin GY, Strasbourg",Strasbourg,Villa,134,661352,2,2021-05-30
,"86 Chemin DRRFPKZ, Rouen",Rouen,Maison,121,537118,2,2024-12-27
,"105 Place ZWONSBR, Saint-Quentin",Saint-Quentin,Appartement,364,1181270,3,2020-09-23
,"140 Boulevard TSLKKVCWC, Reims",Reims,Villa,434,1807270,4,2022-03-09
,"48 Place LS, Caen",Caen,Villa,471,1741877,2,2023-07-16
,"181 Boulevard YSSD, Pantin",Pantin,Appartement,54,149083,4,2020-04-30
,"89 Avenue LIRLSHU, Antibes",Antibes,Appartement,325,1225037,3,2023-09-01
,"151 Avenue SSKHTZPTGM, Grenoble",Grenoble,Villa,255,1084903,3,2022-10-08
,"179 Boulevard SKULHU, Besançon",Besançon,Appartement,343,620793,1,2021-01-07
,"151 Rue DKJDGZ, Saint-Maur-des-Fossés",Saint-Maur-des-Fossés,Villa,285,1092263,2,2023-03-30
,"179 Rue RTLYBLY, Créteil",Créteil,Appartement,369,1825946,1,2023-03-11
,"156 Rue UTS, Lyon",Lyon,Villa,54,91612,3,2022-01-29
,"138 Boulevard AMX, Tourcoing",Tourcoing,Maison,267,880108,4,2022-07-24
,"42 Boulevard ZPLINLKMW, La Roche-sur-Yon",La Roche-sur-Yon,Villa,223,1264595,4,2022-11-20
,"26 Avenue DCD, Toulon",Toulon,Villa,199,439178,5,2023-05-11
,"98 Place URNZ, Reims",Reims,Villa,374,1230458,4,2023-12-27
,"15 Place TJIFL, Aubervilliers",Aubervilliers,Appartement,22,71070,3,2020-08-13
,"181 Place IHPJE, Metz",Metz,Maison,354,1916181,2,2021-06-11
,"118 Rue YP, Créteil",Créteil,Villa,85,363155,5,2020-03-13
,"164 Boulevard PQBSIPNNV, La Roche-sur-Yon",La Roche-sur-Yon,Villa,114,449319,3,2021-05-25
,"181 Rue NYHRD, Tours",Tours,Maison,137,595069,2,2020-07-07
,"66 Rue JWIW, Nîmes",Nîmes,Maison,53,280197,4,2023-08-15
,"144 Chemin DZXLB, Troyes",Troyes,Villa,59,183684,3,2020-01-29
,"200 Rue FVEAHSD, Laval",Laval,Villa,267,1129048,4,2022-04-15
,"15 Rue QT, Reims",Reims,Appartement,96,234899,5,2024-03-29
,"154 Place UKLMFE, Aix-en-Provence",Aix-en-Provence,Maison,31,138585,5,2022-06-09
,"4 Chemin VVQJR, Saint-Denis",Saint-Denis,Villa,97,526343,1,2020-07-26
,"6 Boulevard UAROSMUSZ, Toulon",Toulon,Villa,296,1432050,3,2024-04-07
,"3 Chemin WNKGNLOLVM, Rouen",Rouen,Maison,443,2557561,2,2022-01-20
,"36 Chemin RZQSOG, Pau",Pau,Maison,76,316394,5,2020-10-13
,"127 Boulevard BLOIRCOGGW, Vannes",Vannes,Villa,399,1988757,3,2023-08-20
,"65 Rue DBMGXAFVNC, Nîmes",Nîmes,Villa,285,1189726,3,2024-08-11
,"37 Place SHBBQOMNVT, Pau",Pau,Maison,25,68959,2,2021-01-15
,"8 Avenue WQFMH, Ajaccio",Ajaccio,Villa,492,1981143,2,2024-10-19
,"200 Place DWUZJD, Bourges",Bourges,Maison,106,439603,5,2021-10-02
,"150 Boulevard IDD, Saint-Quentin",Saint-Quentin,Villa,331,1054932,1,2024-01-12
,"51 Boulevard BW, Toulouse",Toulouse,Appartement,298,1402102,5,2024-06-06
,"27 Place NCSAWEFOPR, Courbevoie",Courbevoie,Maison,442,1769622,4,2024-09-05
,"84 Boulevard YBJGNOODI, Roubaix",Roubaix,Maison,29,81867,4,2023-11-29
,"31 Avenue NQO, Colombes",Colombes,Maison,309,1364933,3,2024-11-30
,"175 Place DVPDEQY, Laval",Laval,Villa,463,2249069,4,2022-12-27
,"200 Chemin DG, Pantin",Pantin,Villa,352,921147,3,2021-07-17
,"200 Place WAUYMRYC, Amiens",Amiens,Maison,266,1118914,5,2022-07-03
,"32 Rue BP, Niort",Niort,Appartement,81,289951,2,2021-12-18
,"51 Chemin KN, Toulouse",Toulouse,Maison,331,1305460,1,2022-02-07
,"72 Chemin BBZDRJ, Tours",Tours,Maison,493,2537741,3,2020-04-30
,"196 Rue SPBC, Orléans",Orléans,Villa,72,332825,5,2020-07-16
,"98 Rue FASKZWINR, Antony",Antony,Appartement,389,517057,4,2020-05-01
,"76 Place NYBONKXTX, Limoges",Limoges,Appartement,88,285722,3,2022-03-09
,"84 Place YDPXNUGS, Créteil",Créteil,Appartement,81,238662,3,2021-11-08
,"33 Chemin XQKALWMH, Quimper",Quimper,Maison,320,933676,5,2023-08-23
,"7 Boulevard KD, Saint-Maur-des-Fossés",Saint-Maur-des-Fossés,Villa,411,1356099,4,2021-06-10
,"74 Rue CCRPTQVMY, Ivry-sur-Seine",Ivry-sur-Seine,Villa,219,1172887,5,2023-12-04
,"190 Place MZPGZGACKM, Pessac",Pessac,Appartement,120,672443,4,2020-03-19
,"140 Avenue CEAQTXGS, Vénissieux",Vénissieux,Villa,376,1123278,5,2021-08-16
,"24 Place XWKUFIQSX, Mulhouse",Mulhouse,Appartement,135,497273,4,2022-10-12
,"175 Rue LCALNWDJAW, Pantin",Pantin,Villa,416,1678290,2,2020-10-19
,"86 Chemin CF, Brest",Brest,Maison,299,823033,1,2023-03-03
,"153 Chemin IXDLS, Toulon",Toulon,Appartement,451,1667806,3,2024-07-31
,"15 Boulevard CTY, Colombes",Colombes,Maison,219,675965,1,2022-09-06
,"138 Avenue QQOIBL, Cholet",Cholet,Appartement,467,2292808,1,2023-07-11
,"181 Rue XXFECOR, Nancy",Nancy,Villa,482,1447900,5,2020-02-04
,"96 Place OBMKJLUUZ, Rueil-Malmaison",Rueil-Malmaison,Appartement,280,720057,1,2021-05-20
,"46 Chemin JZ, Clermont-Ferrand",Clermont-Ferrand,Villa,177,939273,5,2023-06-22
,"89 Boulevard TGFXLDO, Argenteuil",Argenteuil,Maison,147,633114,4,2020-09-30
,"186 Boulevard MCMU, Strasbourg",Strasbourg,Villa,183,702096,4,2022-12-07
,"150 Avenue QEKPXFW, Aubervilliers",Aubervilliers,Villa,317,1237190,4,2020-08-02
,"181 Rue PGDALTP, Perpignan",Perpignan,Maison,123,515769,4,2020-06-11
,"161 Place EU, Levallois-Perret",Levallois-Perret,Maison,188,741003,3,2020-01-28
,"67 Chemin GSMOQE, Reims",Reims,Villa,282,1061618,2,2023-04-06
,"5 Chemin NIQNLBEKMR, Villeurbanne",Villeurbanne,Maison,202,862556,4,2023-03-14
,"127 Boulevard PB, Perpignan",Perpignan,Appartement,182,904273,4,2020-06-18
,"181 Avenue SXPX, Rouen",Rouen,Appartement,143,548861,5,2020-07-15
,"139 Place HQA, Reims",Reims,Maison,55,249408,2,2020-10-26
,"32 Place KXZHIIQ, Villeneuve-d'Ascq",Villeneuve-d'Ascq,Maison,455,2839097,5,2023-08-14
,"17 Place QMNPDQHYB, Saint-Étienne",Saint-Étienne,Maison,298,1197010,3,2021-09-23
,"59 Boulevard DLAADP, Mérignac",Mérignac,Appartement,322,595974,1,2021-08-16
,"45 Rue UF, Laval",Laval,Maison,193,982722,4,2022-11-04
,"176 Avenue TBXUJFJ, Vénissieux",Vénissieux,Villa,297,1567924,1,2022-04-27
,"126 Place GKIJDJ, Montreuil",Montreuil,Maison,97,391694,3,2024-02-20
,"88 Avenue NHY, Cannes",Cannes,Villa,319,1413008,3,2023-08-16
,"196 Boulevard ZBU, Lyon",Lyon,Villa,104,288486,1,2024-06-27
,"80 Avenue QKLHJQ, Cannes",Cannes,Appartement,479,1769494,5,2021-04-04
,"127 Boulevard BWXVAAOWO, Bourges",Bourges,Maison,88,174186,4,2021-12-24
,"63 Place NMKVKMTB, Bondy",Bondy,Maison,330,1194818,3,2020-11-21
,"130 Chemin KOD, Niort",Niort,Appartement,138,488499,4,2024-08-14
,"27 Place TO, Grenoble",Grenoble,Maison,349,1015726,1,2023-12-01
,"134 Avenue LHALPX, Toulon",Toulon,Maison,164,595452,4,2021-03-05
,"132 Boulevard TXMKG, Limoges",Limoges,Appartement,341,1673518,3,2023-10-03
,"174 Place RXYGY, Poitiers",Poitiers,Maison,111,472622,5,2024-12-22
,"177 Avenue TNSKHJMW, Charleville-Mézières",Charleville-Mézières,Maison,266,1200163,4,2022-02-03
,"1 Rue OFAPVPH, Saint-Denis",Saint-Denis,Appartement,332,1476913,2,2024-08-09
,"182 Boulevard MACNEXI, Lyon",Lyon,Appartement,252,1175169,2,2020-10-21
,"3 Boulevard QRWSJS, Lorient",Lorient,Appartement,332,888199,2,2022-06-07
,"144 Boulevard IPJEMTJWFZ, Maisons-Alfort",Maisons-Alfort,Appartement,25,112986,4,2024-09-18
,"108 Chemin ONSRWINE, Clichy",Clichy,Appartement,420,1396021,2,2023-07-08
,"154 Rue CXNC, Bourges",Bourges,Appartement,297,1194423,2,2021-12-18
,"37 Boulevard PFDGII, Nantes",Nantes,Appartement,389,1698821,4,2024-10-23
,"68 Rue MQFBHY, Colombes",Colombes,Maison,305,1596702,3,2024-11-04
,"26 Place OF, Lorient",Lorient,Maison,180,748142,4,2024-02-29
,"7 Boulevard ZZVSWQVWX, Pessac",Pessac,Villa,394,2201638,4,2020-07-12
,"161 Place JSWTL, Vannes",Vannes,Maison,65,297820,3,2022-08-22
,"52 Place RG, Quimper",Quimper,Villa,413,2122152,3,2020-11-19
,"12 Chemin YFBFMLKP, Cholet",Cholet,Appartement,57,261158,5,2023-02-22
,"118 Rue AH, Toulon",Toulon,Appartement,214,925998,1,2020-06-10
,"101 Place IP, Évry",Évry,Appartement,317,1211688,3,2024-03-29
,"173 Avenue HKDUJ, Sarcelles",Sarcelles,Maison,212,701709,5,2023-12-19
,"73 Rue ZJY, Nantes",Nantes,Villa,319,1731760,2,2020-11-03
,"29 Boulevard FQUANWS, Montreuil",Montreuil,Villa,317,1122964,4,2024-03-03
,"120 Place ATYKNGOMH, Bourges",Bourges,Villa,350,1836497,3,2021-06-03
,"189 Boulevard EFUYEYNNEQ, Orléans",Orléans,Appartement,54,223359,3,2023-09-05
,"197 Rue WCH, Bourges",Bourges,Villa,395,1697551,5,2024-12-28
,"25 Avenue NEBZSEN, Versailles",Versailles,Villa,487,1708571,5,2024-10-12
,"21 Boulevard CQDKCBAQ, Calais",Calais,Villa,318,1514921,5,2021-09-09
